,time,Process Creation,Authorization Policy Change,Process Termination,Logoff,Special Logon,Logon,Removable Storage,Sensitive Privilege Use,File System,File Share,Detailed File Share,Registry,Security Group Management,Security State Change,Other Logon/Logoff Events,Security System Extension
0,2016-08-25 18:48:25.000 MDT,1,0,0,0,0,0,0,0,0,0,0,0,0,0,0,0
1,2016-08-25 19:22:01.000 MDT,0,1,0,0,0,0,0,0,0,0,0,0,0,0,0,0
2,2016-08-25 19:23:56.000 MDT,0,1,0,0,0,0,0,0,0,0,0,0,0,0,0,0
3,2016-08-25 19:29:54.000 MDT,0,1,0,0,0,0,0,0,0,0,0,0,0,0,0,0
4,2016-08-25 19:33:31.000 MDT,0,1,0,0,0,0,0,0,0,0,0,0,0,0,0,0
5,2016-08-25 19:43:30.000 MDT,0,0,0,0,0,1,0,0,0,0,0,0,0,0,0,0
6,2016-08-25 19:53:23.000 MDT,0,0,1,0,0,0,0,0,0,0,0,0,0,0,0,0
7,2016-08-25 20:09:10.000 MDT,0,0,0,1,0,0,0,0,0,0,0,0,0,0,0,0
8,2016-08-25 20:28:34.000 MDT,0,1,0,0,0,0,0,0,0,0,0,0,0,0,0,0
9,2016-08-25 20:30:29.000 MDT,0,1,0,0,0,0,0,0,0,0,0,0,0,0,0,0
10,2016-08-25 20:52:13.000 MDT,1,0,0,0,0,0,0,0,0,0,0,0,0,0,0,0
11,2016-08-25 20:56:12.000 MDT,0,0,1,0,0,0,0,0,0,0,0,0,0,0,0,0
12,2016-08-25 20:59:05.000 MDT,0,1,0,0,0,0,0,0,0,0,0,0,0,0,0,0
13,2016-08-25 21:06:54.000 MDT,0,1,0,0,0,0,0,0,0,0,0,0,0,0,0,0
14,2016-08-25 21:09:51.000 MDT,0,0,1,0,0,0,0,0,0,0,0,0,0,0,0,0
15,2016-08-25 21:29:37.000 MDT,1,0,0,0,0,0,0,0,0,0,0,0,0,0,0,0
16,2016-08-25 21:48:28.000 MDT,0,1,0,0,0,0,0,0,0,0,0,0,0,0,0,0
17,2016-08-25 22:17:40.000 MDT,0,1,0,0,0,0,0,0,0,0,0,0,0,0,0,0
18,2016-08-25 22:24:19.000 MDT,1,0,0,0,0,0,0,0,0,0,0,0,0,0,0,0
19,2016-08-25 22:43:58.000 MDT,0,0,1,0,0,0,0,0,0,0,0,0,0,0,0,0
20,2016-08-25 22:45:03.000 MDT,0,1,0,0,0,0,0,0,0,0,0,0,0,0,0,0
21,2016-08-25 22:48:00.000 MDT,0,0,1,0,0,0,0,0,0,0,0,0,0,0,0,0
22,2016-08-25 23:10:11.000 MDT,0,0,0,1,0,0,0,0,0,0,0,0,0,0,0,0
23,2016-08-25 23:10:50.000 MDT,0,1,0,0,0,0,0,0,0,0,0,0,0,0,0,0
24,2016-08-25 23:11:21.000 MDT,0,1,0,0,0,0,0,0,0,0,0,0,0,0,0,0
25,2016-08-25 23:16:03.000 MDT,0,1,0,0,0,0,0,0,0,0,0,0,0,0,0,0
26,2016-08-25 23:25:27.000 MDT,0,0,1,0,0,0,0,0,0,0,0,0,0,0,0,0
27,2016-08-25 23:29:01.000 MDT,0,1,0,0,0,0,0,0,0,0,0,0,0,0,0,0
28,2016-08-25 23:54:29.000 MDT,0,0,1,0,0,0,0,0,0,0,0,0,0,0,0,0
29,2016-08-25 23:55:25.000 MDT,0,0,1,0,0,0,0,0,0,0,0,0,0,0,0,0
30,2016-08-25 23:57:08.000 MDT,1,0,0,0,0,0,0,0,0,0,0,0,0,0,0,0
31,2016-08-26 00:03:28.000 MDT,0,1,0,0,0,0,0,0,0,0,0,0,0,0,0,0
32,2016-08-26 00:09:41.000 MDT,1,0,0,0,0,0,0,0,0,0,0,0,0,0,0,0
33,2016-08-26 00:30:29.000 MDT,1,0,0,0,0,0,0,0,0,0,0,0,0,0,0,0
34,2016-08-26 00:31:22.000 MDT,1,0,0,0,0,0,0,0,0,0,0,0,0,0,0,0
35,2016-08-26 00:31:58.000 MDT,0,0,0,1,0,0,0,0,0,0,0,0,0,0,0,0
36,2016-08-26 00:36:04.000 MDT,0,0,1,0,0,0,0,0,0,0,0,0,0,0,0,0
37,2016-08-26 00:47:13.000 MDT,1,0,0,0,0,0,0,0,0,0,0,0,0,0,0,0
38,2016-08-26 00:50:48.000 MDT,0,1,0,0,0,0,0,0,0,0,0,0,0,0,0,0
39,2016-08-26 00:52:08.000 MDT,0,0,0,0,0,0,1,0,0,0,0,0,0,0,0,0
40,2016-08-26 00:53:36.000 MDT,0,0,0,1,0,0,0,0,0,0,0,0,0,0,0,0
41,2016-08-26 00:58:24.000 MDT,0,0,0,1,0,0,0,0,0,0,0,0,0,0,0,0
42,2016-08-26 01:07:20.000 MDT,1,0,0,0,0,0,0,0,0,0,0,0,0,0,0,0
43,2016-08-26 01:12:47.000 MDT,0,1,0,0,0,0,0,0,0,0,0,0,0,0,0,0
44,2016-08-26 01:16:44.000 MDT,0,1,0,0,0,0,0,0,0,0,0,0,0,0,0,0
45,2016-08-26 01:19:10.000 MDT,0,1,0,0,0,0,0,0,0,0,0,0,0,0,0,0
46,2016-08-26 01:22:41.000 MDT,0,1,0,0,0,0,0,0,0,0,0,0,0,0,0,0
47,2016-08-26 01:38:46.000 MDT,0,1,0,0,0,0,0,0,0,0,0,0,0,0,0,0
48,2016-08-26 01:39:22.000 MDT,0,0,1,0,0,0,0,0,0,0,0,0,0,0,0,0
49,2016-08-26 01:45:44.000 MDT,0,1,0,0,0,0,0,0,0,0,0,0,0,0,0,0
50,2016-08-26 01:48:33.000 MDT,0,0,1,0,0,0,0,0,0,0,0,0,0,0,0,0
51,2016-08-26 01:49:33.000 MDT,0,1,0,0,0,0,0,0,0,0,0,0,0,0,0,0
52,2016-08-26 01:53:22.000 MDT,0,0,1,0,0,0,0,0,0,0,0,0,0,0,0,0
53,2016-08-26 01:56:24.000 MDT,0,0,1,0,0,0,0,0,0,0,0,0,0,0,0,0
54,2016-08-26 01:56:33.000 MDT,1,0,0,0,0,0,0,0,0,0,0,0,0,0,0,0
55,2016-08-26 01:56:49.000 MDT,0,0,1,0,0,0,0,0,0,0,0,0,0,0,0,0
56,2016-08-26 02:02:01.000 MDT,0,0,1,0,0,0,0,0,0,0,0,0,0,0,0,0
57,2016-08-26 02:05:05.000 MDT,0,0,1,0,0,0,0,0,0,0,0,0,0,0,0,0
58,2016-08-26 02:17:35.000 MDT,0,0,1,0,0,0,0,0,0,0,0,0,0,0,0,0
59,2016-08-26 02:19:15.000 MDT,0,0,0,0,0,0,0,0,0,1,0,0,0,0,0,0
60,2016-08-26 02:21:41.000 MDT,1,0,0,0,0,0,0,0,0,0,0,0,0,0,0,0
61,2016-08-26 02:48:55.000 MDT,0,1,0,0,0,0,0,0,0,0,0,0,0,0,0,0
62,2016-08-26 03:03:59.000 MDT,0,0,1,0,0,0,0,0,0,0,0,0,0,0,0,0
63,2016-08-26 03:06:45.000 MDT,0,1,0,0,0,0,0,0,0,0,0,0,0,0,0,0
64,2016-08-26 03:09:12.000 MDT,0,0,0,0,1,0,0,0,0,0,0,0,0,0,0,0
65,2016-08-26 03:12:35.000 MDT,0,1,0,0,0,0,0,0,0,0,0,0,0,0,0,0
66,2016-08-26 03:21:07.000 MDT,0,1,0,0,0,0,0,0,0,0,0,0,0,0,0,0
67,2016-08-26 03:26:51.000 MDT,0,1,0,0,0,0,0,0,0,0,0,0,0,0,0,0
68,2016-08-26 03:37:36.000 MDT,1,0,0,0,0,0,0,0,0,0,0,0,0,0,0,0
69,2016-08-26 03:43:12.000 MDT,0,1,0,0,0,0,0,0,0,0,0,0,0,0,0,0
70,2016-08-26 03:43:31.000 MDT,0,0,1,0,0,0,0,0,0,0,0,0,0,0,0,0
71,2016-08-26 03:57:38.000 MDT,1,0,0,0,0,0,0,0,0,0,0,0,0,0,0,0
72,2016-08-26 04:09:50.000 MDT,0,1,0,0,0,0,0,0,0,0,0,0,0,0,0,0
73,2016-08-26 04:25:33.000 MDT,0,0,0,1,0,0,0,0,0,0,0,0,0,0,0,0
74,2016-08-26 04:33:07.000 MDT,1,0,0,0,0,0,0,0,0,0,0,0,0,0,0,0
75,2016-08-26 04:38:15.000 MDT,0,0,1,0,0,0,0,0,0,0,0,0,0,0,0,0
76,2016-08-26 04:43:05.000 MDT,1,0,0,0,0,0,0,0,0,0,0,0,0,0,0,0
77,2016-08-26 04:54:11.000 MDT,0,0,1,0,0,0,0,0,0,0,0,0,0,0,0,0
78,2016-08-26 04:54:51.000 MDT,0,1,0,0,0,0,0,0,0,0,0,0,0,0,0,0
79,2016-08-26 04:59:25.000 MDT,0,0,0,0,0,1,0,0,0,0,0,0,0,0,0,0
80,2016-08-26 05:02:23.000 MDT,0,0,0,0,1,0,0,0,0,0,0,0,0,0,0,0
81,2016-08-26 05:02:57.000 MDT,0,1,0,0,0,0,0,0,0,0,0,0,0,0,0,0
82,2016-08-26 05:05:59.000 MDT,1,0,0,0,0,0,0,0,0,0,0,0,0,0,0,0
83,2016-08-26 05:06:06.000 MDT,0,1,0,0,0,0,0,0,0,0,0,0,0,0,0,0
84,2016-08-26 05:07:11.000 MDT,1,0,0,0,0,0,0,0,0,0,0,0,0,0,0,0
85,2016-08-26 05:17:19.000 MDT,0,1,0,0,0,0,0,0,0,0,0,0,0,0,0,0
86,2016-08-26 05:30:13.000 MDT,0,1,0,0,0,0,0,0,0,0,0,0,0,0,0,0
87,2016-08-26 05:43:43.000 MDT,1,0,0,0,0,0,0,0,0,0,0,0,0,0,0,0
88,2016-08-26 05:48:24.000 MDT,0,0,0,1,0,0,0,0,0,0,0,0,0,0,0,0
89,2016-08-26 06:15:08.000 MDT,0,1,0,0,0,0,0,0,0,0,0,0,0,0,0,0
90,2016-08-26 06:22:15.000 MDT,0,0,0,1,0,0,0,0,0,0,0,0,0,0,0,0
91,2016-08-26 06:26:40.000 MDT,0,1,0,0,0,0,0,0,0,0,0,0,0,0,0,0
92,2016-08-26 06:34:16.000 MDT,0,0,1,0,0,0,0,0,0,0,0,0,0,0,0,0
93,2016-08-26 06:35:32.000 MDT,0,1,0,0,0,0,0,0,0,0,0,0,0,0,0,0
94,2016-08-26 06:45:18.000 MDT,0,1,0,0,0,0,0,0,0,0,0,0,0,0,0,0
95,2016-08-26 06:50:18.000 MDT,0,0,1,0,0,0,0,0,0,0,0,0,0,0,0,0
96,2016-08-26 06:54:11.000 MDT,1,0,0,0,0,0,0,0,0,0,0,0,0,0,0,0
97,2016-08-26 06:56:30.000 MDT,1,0,0,0,0,0,0,0,0,0,0,0,0,0,0,0
98,2016-08-26 06:59:06.000 MDT,0,0,0,1,0,0,0,0,0,0,0,0,0,0,0,0
99,2016-08-26 07:01:43.000 MDT,1,0,0,0,0,0,0,0,0,0,0,0,0,0,0,0
100,2016-08-26 07:16:15.000 MDT,0,0,0,0,0,1,0,0,0,0,0,0,0,0,0,0
101,2016-08-26 07:19:44.000 MDT,0,0,1,0,0,0,0,0,0,0,0,0,0,0,0,0
102,2016-08-26 07:25:50.000 MDT,0,1,0,0,0,0,0,0,0,0,0,0,0,0,0,0
103,2016-08-26 07:26:35.000 MDT,0,1,0,0,0,0,0,0,0,0,0,0,0,0,0,0
104,2016-08-26 07:26:42.000 MDT,1,0,0,0,0,0,0,0,0,0,0,0,0,0,0,0
105,2016-08-26 07:41:20.000 MDT,1,0,0,0,0,0,0,0,0,0,0,0,0,0,0,0
106,2016-08-26 07:41:32.000 MDT,0,0,1,0,0,0,0,0,0,0,0,0,0,0,0,0
107,2016-08-26 08:01:51.000 MDT,0,0,0,1,0,0,0,0,0,0,0,0,0,0,0,0
108,2016-08-26 08:15:37.000 MDT,0,1,0,0,0,0,0,0,0,0,0,0,0,0,0,0
109,2016-08-26 08:24:33.000 MDT,0,1,0,0,0,0,0,0,0,0,0,0,0,0,0,0
110,2016-08-26 08:30:36.000 MDT,1,0,0,0,0,0,0,0,0,0,0,0,0,0,0,0
111,2016-08-26 08:36:05.000 MDT,1,0,0,0,0,0,0,0,0,0,0,0,0,0,0,0
112,2016-08-26 08:38:44.000 MDT,0,1,0,0,0,0,0,0,0,0,0,0,0,0,0,0
113,2016-08-26 08:44:05.000 MDT,0,0,1,0,0,0,0,0,0,0,0,0,0,0,0,0
114,2016-08-26 08:50:48.000 MDT,0,1,0,0,0,0,0,0,0,0,0,0,0,0,0,0
115,2016-08-26 08:52:44.000 MDT,0,1,0,0,0,0,0,0,0,0,0,0,0,0,0,0
116,2016-08-26 08:56:42.000 MDT,0,0,1,0,0,0,0,0,0,0,0,0,0,0,0,0
117,2016-08-26 09:18:59.000 MDT,0,1,0,0,0,0,0,0,0,0,0,0,0,0,0,0
118,2016-08-26 09:30:31.000 MDT,0,0,0,0,0,0,1,0,0,0,0,0,0,0,0,0
119,2016-08-26 09:34:58.000 MDT,0,0,0,0,1,0,0,0,0,0,0,0,0,0,0,0
120,2016-08-26 09:37:37.000 MDT,0,0,0,0,0,1,0,0,0,0,0,0,0,0,0,0
121,2016-08-26 09:44:24.000 MDT,0,0,0,0,0,1,0,0,0,0,0,0,0,0,0,0
122,2016-08-26 10:02:01.000 MDT,0,0,1,0,0,0,0,0,0,0,0,0,0,0,0,0
123,2016-08-26 10:06:20.000 MDT,0,1,0,0,0,0,0,0,0,0,0,0,0,0,0,0
124,2016-08-26 10:11:03.000 MDT,0,1,0,0,0,0,0,0,0,0,0,0,0,0,0,0
125,2016-08-26 10:11:10.000 MDT,0,0,1,0,0,0,0,0,0,0,0,0,0,0,0,0
126,2016-08-26 10:15:00.000 MDT,0,0,1,0,0,0,0,0,0,0,0,0,0,0,0,0
127,2016-08-26 10:19:07.000 MDT,1,0,0,0,0,0,0,0,0,0,0,0,0,0,0,0
128,2016-08-26 10:25:42.000 MDT,0,0,0,0,0,0,1,0,0,0,0,0,0,0,0,0
129,2016-08-26 10:35:14.000 MDT,0,0,0,1,0,0,0,0,0,0,0,0,0,0,0,0
130,2016-08-26 10:58:43.000 MDT,1,0,0,0,0,0,0,0,0,0,0,0,0,0,0,0
131,2016-08-26 11:04:45.000 MDT,0,0,1,0,0,0,0,0,0,0,0,0,0,0,0,0
132,2016-08-26 11:09:18.000 MDT,1,0,0,0,0,0,0,0,0,0,0,0,0,0,0,0
133,2016-08-26 11:23:57.000 MDT,0,0,1,0,0,0,0,0,0,0,0,0,0,0,0,0
134,2016-08-26 11:24:24.000 MDT,0,0,1,0,0,0,0,0,0,0,0,0,0,0,0,0
135,2016-08-26 11:24:39.000 MDT,0,0,1,0,0,0,0,0,0,0,0,0,0,0,0,0
136,2016-08-26 11:40:03.000 MDT,0,0,0,0,1,0,0,0,0,0,0,0,0,0,0,0
137,2016-08-26 11:42:51.000 MDT,0,0,1,0,0,0,0,0,0,0,0,0,0,0,0,0
138,2016-08-26 11:55:13.000 MDT,0,1,0,0,0,0,0,0,0,0,0,0,0,0,0,0
139,2016-08-26 11:58:45.000 MDT,0,1,0,0,0,0,0,0,0,0,0,0,0,0,0,0
140,2016-08-26 11:59:07.000 MDT,0,0,1,0,0,0,0,0,0,0,0,0,0,0,0,0
141,2016-08-26 11:59:44.000 MDT,1,0,0,0,0,0,0,0,0,0,0,0,0,0,0,0
142,2016-08-26 12:07:47.000 MDT,0,1,0,0,0,0,0,0,0,0,0,0,0,0,0,0
143,2016-08-26 12:10:15.000 MDT,1,0,0,0,0,0,0,0,0,0,0,0,0,0,0,0
144,2016-08-26 12:23:31.000 MDT,0,0,0,0,0,0,1,0,0,0,0,0,0,0,0,0
145,2016-08-26 12:30:53.000 MDT,0,0,0,0,1,0,0,0,0,0,0,0,0,0,0,0
146,2016-08-26 12:31:47.000 MDT,0,0,1,0,0,0,0,0,0,0,0,0,0,0,0,0
147,2016-08-26 12:36:42.000 MDT,0,1,0,0,0,0,0,0,0,0,0,0,0,0,0,0
148,2016-08-26 12:36:47.000 MDT,0,0,1,0,0,0,0,0,0,0,0,0,0,0,0,0
149,2016-08-26 12:38:28.000 MDT,0,1,0,0,0,0,0,0,0,0,0,0,0,0,0,0
150,2016-08-26 12:50:22.000 MDT,0,0,1,0,0,0,0,0,0,0,0,0,0,0,0,0
151,2016-08-26 12:53:12.000 MDT,0,1,0,0,0,0,0,0,0,0,0,0,0,0,0,0
152,2016-08-26 12:58:00.000 MDT,1,0,0,0,0,0,0,0,0,0,0,0,0,0,0,0
153,2016-08-26 13:02:18.000 MDT,0,1,0,0,0,0,0,0,0,0,0,0,0,0,0,0
154,2016-08-26 13:03:04.000 MDT,0,0,0,0,0,1,0,0,0,0,0,0,0,0,0,0
155,2016-08-26 13:03:48.000 MDT,0,0,0,1,0,0,0,0,0,0,0,0,0,0,0,0
156,2016-08-26 13:11:52.000 MDT,0,0,1,0,0,0,0,0,0,0,0,0,0,0,0,0
157,2016-08-26 13:21:24.000 MDT,0,1,0,0,0,0,0,0,0,0,0,0,0,0,0,0
158,2016-08-26 13:35:52.000 MDT,0,0,1,0,0,0,0,0,0,0,0,0,0,0,0,0
159,2016-08-26 13:41:18.000 MDT,0,0,0,1,0,0,0,0,0,0,0,0,0,0,0,0
160,2016-08-26 13:45:49.000 MDT,1,0,0,0,0,0,0,0,0,0,0,0,0,0,0,0
161,2016-08-26 13:48:09.000 MDT,0,0,0,0,1,0,0,0,0,0,0,0,0,0,0,0
162,2016-08-26 13:55:08.000 MDT,0,0,1,0,0,0,0,0,0,0,0,0,0,0,0,0
163,2016-08-26 14:08:24.000 MDT,0,0,0,0,1,0,0,0,0,0,0,0,0,0,0,0
164,2016-08-26 14:18:48.000 MDT,1,0,0,0,0,0,0,0,0,0,0,0,0,0,0,0
165,2016-08-26 14:19:43.000 MDT,0,1,0,0,0,0,0,0,0,0,0,0,0,0,0,0
166,2016-08-26 14:37:18.000 MDT,0,1,0,0,0,0,0,0,0,0,0,0,0,0,0,0
167,2016-08-26 14:39:27.000 MDT,0,1,0,0,0,0,0,0,0,0,0,0,0,0,0,0
168,2016-08-26 14:52:33.000 MDT,0,1,0,0,0,0,0,0,0,0,0,0,0,0,0,0
169,2016-08-26 14:56:31.000 MDT,0,0,1,0,0,0,0,0,0,0,0,0,0,0,0,0
170,2016-08-26 15:06:05.000 MDT,0,0,1,0,0,0,0,0,0,0,0,0,0,0,0,0
171,2016-08-26 15:08:23.000 MDT,0,1,0,0,0,0,0,0,0,0,0,0,0,0,0,0
172,2016-08-26 15:24:52.000 MDT,0,1,0,0,0,0,0,0,0,0,0,0,0,0,0,0
173,2016-08-26 15:29:25.000 MDT,0,1,0,0,0,0,0,0,0,0,0,0,0,0,0,0
174,2016-08-26 15:33:41.000 MDT,0,0,1,0,0,0,0,0,0,0,0,0,0,0,0,0
175,2016-08-26 15:41:29.000 MDT,0,0,1,0,0,0,0,0,0,0,0,0,0,0,0,0
176,2016-08-26 15:42:31.000 MDT,0,1,0,0,0,0,0,0,0,0,0,0,0,0,0,0
177,2016-08-26 15:45:19.000 MDT,0,0,1,0,0,0,0,0,0,0,0,0,0,0,0,0
178,2016-08-26 16:06:06.000 MDT,0,1,0,0,0,0,0,0,0,0,0,0,0,0,0,0
179,2016-08-26 16:06:53.000 MDT,0,0,1,0,0,0,0,0,0,0,0,0,0,0,0,0
180,2016-08-26 16:23:37.000 MDT,0,1,0,0,0,0,0,0,0,0,0,0,0,0,0,0
181,2016-08-26 16:46:38.000 MDT,0,1,0,0,0,0,0,0,0,0,0,0,0,0,0,0
182,2016-08-26 17:10:21.000 MDT,0,0,0,0,0,0,1,0,0,0,0,0,0,0,0,0
183,2016-08-26 17:14:40.000 MDT,0,1,0,0,0,0,0,0,0,0,0,0,0,0,0,0
184,2016-08-26 17:22:12.000 MDT,1,0,0,0,0,0,0,0,0,0,0,0,0,0,0,0
185,2016-08-26 17:30:35.000 MDT,0,0,0,0,0,1,0,0,0,0,0,0,0,0,0,0
186,2016-08-26 17:33:35.000 MDT,0,0,0,1,0,0,0,0,0,0,0,0,0,0,0,0
187,2016-08-26 17:34:52.000 MDT,0,1,0,0,0,0,0,0,0,0,0,0,0,0,0,0
188,2016-08-26 17:39:50.000 MDT,1,0,0,0,0,0,0,0,0,0,0,0,0,0,0,0
189,2016-08-26 17:44:41.000 MDT,0,0,1,0,0,0,0,0,0,0,0,0,0,0,0,0
190,2016-08-26 17:45:16.000 MDT,0,0,1,0,0,0,0,0,0,0,0,0,0,0,0,0
191,2016-08-26 17:50:24.000 MDT,1,0,0,0,0,0,0,0,0,0,0,0,0,0,0,0
192,2016-08-26 17:50:57.000 MDT,0,1,0,0,0,0,0,0,0,0,0,0,0,0,0,0
193,2016-08-26 17:54:11.000 MDT,0,1,0,0,0,0,0,0,0,0,0,0,0,0,0,0
194,2016-08-26 17:56:50.000 MDT,1,0,0,0,0,0,0,0,0,0,0,0,0,0,0,0
195,2016-08-26 17:56:59.000 MDT,0,1,0,0,0,0,0,0,0,0,0,0,0,0,0,0
196,2016-08-26 18:09:24.000 MDT,0,1,0,0,0,0,0,0,0,0,0,0,0,0,0,0
197,2016-08-26 18:11:05.000 MDT,0,0,1,0,0,0,0,0,0,0,0,0,0,0,0,0
198,2016-08-26 18:21:36.000 MDT,1,0,0,0,0,0,0,0,0,0,0,0,0,0,0,0
199,2016-08-26 18:25:46.000 MDT,0,0,0,0,1,0,0,0,0,0,0,0,0,0,0,0
200,2016-08-26 18:27:15.000 MDT,0,1,0,0,0,0,0,0,0,0,0,0,0,0,0,0
201,2016-08-26 18:30:03.000 MDT,0,0,1,0,0,0,0,0,0,0,0,0,0,0,0,0
202,2016-08-26 18:38:31.000 MDT,1,0,0,0,0,0,0,0,0,0,0,0,0,0,0,0
203,2016-08-26 18:43:07.000 MDT,0,0,1,0,0,0,0,0,0,0,0,0,0,0,0,0
204,2016-08-26 18:48:29.000 MDT,0,1,0,0,0,0,0,0,0,0,0,0,0,0,0,0
205,2016-08-26 19:13:29.000 MDT,1,0,0,0,0,0,0,0,0,0,0,0,0,0,0,0
206,2016-08-26 19:24:57.000 MDT,1,0,0,0,0,0,0,0,0,0,0,0,0,0,0,0
207,2016-08-26 19:28:13.000 MDT,0,0,0,0,0,1,0,0,0,0,0,0,0,0,0,0
208,2016-08-26 19:34:16.000 MDT,0,1,0,0,0,0,0,0,0,0,0,0,0,0,0,0
209,2016-08-26 19:35:42.000 MDT,1,0,0,0,0,0,0,0,0,0,0,0,0,0,0,0
210,2016-08-26 19:36:08.000 MDT,0,0,1,0,0,0,0,0,0,0,0,0,0,0,0,0
211,2016-08-26 19:42:43.000 MDT,0,0,1,0,0,0,0,0,0,0,0,0,0,0,0,0
212,2016-08-26 19:48:45.000 MDT,0,0,0,0,0,0,1,0,0,0,0,0,0,0,0,0
213,2016-08-26 19:49:42.000 MDT,1,0,0,0,0,0,0,0,0,0,0,0,0,0,0,0
214,2016-08-26 20:01:55.000 MDT,0,0,1,0,0,0,0,0,0,0,0,0,0,0,0,0
215,2016-08-26 20:14:17.000 MDT,0,0,1,0,0,0,0,0,0,0,0,0,0,0,0,0
216,2016-08-26 20:20:15.000 MDT,0,1,0,0,0,0,0,0,0,0,0,0,0,0,0,0
217,2016-08-26 20:22:48.000 MDT,0,0,0,0,0,0,0,1,0,0,0,0,0,0,0,0
218,2016-08-26 20:40:13.000 MDT,0,0,1,0,0,0,0,0,0,0,0,0,0,0,0,0
219,2016-08-26 20:54:40.000 MDT,0,0,1,0,0,0,0,0,0,0,0,0,0,0,0,0
220,2016-08-26 21:27:40.000 MDT,1,0,0,0,0,0,0,0,0,0,0,0,0,0,0,0
221,2016-08-26 21:35:59.000 MDT,0,0,1,0,0,0,0,0,0,0,0,0,0,0,0,0
222,2016-08-26 21:46:55.000 MDT,0,1,0,0,0,0,0,0,0,0,0,0,0,0,0,0
223,2016-08-26 21:48:31.000 MDT,0,0,1,0,0,0,0,0,0,0,0,0,0,0,0,0
224,2016-08-26 22:02:35.000 MDT,0,1,0,0,0,0,0,0,0,0,0,0,0,0,0,0
225,2016-08-26 22:08:34.000 MDT,0,0,0,0,0,1,0,0,0,0,0,0,0,0,0,0
226,2016-08-26 22:11:45.000 MDT,1,0,0,0,0,0,0,0,0,0,0,0,0,0,0,0
227,2016-08-26 22:12:20.000 MDT,1,0,0,0,0,0,0,0,0,0,0,0,0,0,0,0
228,2016-08-26 22:12:55.000 MDT,0,0,1,0,0,0,0,0,0,0,0,0,0,0,0,0
229,2016-08-26 22:16:36.000 MDT,0,0,1,0,0,0,0,0,0,0,0,0,0,0,0,0
230,2016-08-26 22:23:05.000 MDT,1,0,0,0,0,0,0,0,0,0,0,0,0,0,0,0
231,2016-08-26 22:47:46.000 MDT,0,0,0,0,0,1,0,0,0,0,0,0,0,0,0,0
232,2016-08-26 23:04:39.000 MDT,0,1,0,0,0,0,0,0,0,0,0,0,0,0,0,0
233,2016-08-26 23:06:38.000 MDT,0,1,0,0,0,0,0,0,0,0,0,0,0,0,0,0
234,2016-08-26 23:27:43.000 MDT,0,0,1,0,0,0,0,0,0,0,0,0,0,0,0,0
235,2016-08-26 23:29:45.000 MDT,0,1,0,0,0,0,0,0,0,0,0,0,0,0,0,0
236,2016-08-26 23:31:23.000 MDT,0,0,0,1,0,0,0,0,0,0,0,0,0,0,0,0
237,2016-08-26 23:32:15.000 MDT,1,0,0,0,0,0,0,0,0,0,0,0,0,0,0,0
238,2016-08-26 23:34:42.000 MDT,0,1,0,0,0,0,0,0,0,0,0,0,0,0,0,0
239,2016-08-26 23:39:45.000 MDT,0,0,1,0,0,0,0,0,0,0,0,0,0,0,0,0
240,2016-08-26 23:43:31.000 MDT,0,1,0,0,0,0,0,0,0,0,0,0,0,0,0,0
241,2016-08-26 23:46:19.000 MDT,1,0,0,0,0,0,0,0,0,0,0,0,0,0,0,0
242,2016-08-26 23:46:39.000 MDT,0,1,0,0,0,0,0,0,0,0,0,0,0,0,0,0
243,2016-08-26 23:57:03.000 MDT,0,0,1,0,0,0,0,0,0,0,0,0,0,0,0,0
244,2016-08-27 00:01:53.000 MDT,0,0,0,0,1,0,0,0,0,0,0,0,0,0,0,0
245,2016-08-27 00:02:24.000 MDT,0,0,0,0,0,1,0,0,0,0,0,0,0,0,0,0
246,2016-08-27 00:11:09.000 MDT,0,1,0,0,0,0,0,0,0,0,0,0,0,0,0,0
247,2016-08-27 00:19:49.000 MDT,0,1,0,0,0,0,0,0,0,0,0,0,0,0,0,0
248,2016-08-27 00:27:00.000 MDT,0,0,1,0,0,0,0,0,0,0,0,0,0,0,0,0
249,2016-08-27 00:28:07.000 MDT,0,1,0,0,0,0,0,0,0,0,0,0,0,0,0,0
250,2016-08-27 00:40:40.000 MDT,1,0,0,0,0,0,0,0,0,0,0,0,0,0,0,0
251,2016-08-27 00:43:34.000 MDT,0,0,0,0,1,0,0,0,0,0,0,0,0,0,0,0
252,2016-08-27 00:59:17.000 MDT,0,1,0,0,0,0,0,0,0,0,0,0,0,0,0,0
253,2016-08-27 01:04:38.000 MDT,1,0,0,0,0,0,0,0,0,0,0,0,0,0,0,0
254,2016-08-27 01:13:51.000 MDT,0,1,0,0,0,0,0,0,0,0,0,0,0,0,0,0
255,2016-08-27 01:17:20.000 MDT,0,0,1,0,0,0,0,0,0,0,0,0,0,0,0,0
256,2016-08-27 01:18:58.000 MDT,0,0,1,0,0,0,0,0,0,0,0,0,0,0,0,0
257,2016-08-27 01:25:15.000 MDT,0,0,0,0,0,0,1,0,0,0,0,0,0,0,0,0
258,2016-08-27 01:25:44.000 MDT,0,1,0,0,0,0,0,0,0,0,0,0,0,0,0,0
259,2016-08-27 01:28:15.000 MDT,0,1,0,0,0,0,0,0,0,0,0,0,0,0,0,0
260,2016-08-27 01:28:35.000 MDT,0,0,1,0,0,0,0,0,0,0,0,0,0,0,0,0
261,2016-08-27 01:38:43.000 MDT,0,0,0,0,0,0,1,0,0,0,0,0,0,0,0,0
262,2016-08-27 01:50:45.000 MDT,0,1,0,0,0,0,0,0,0,0,0,0,0,0,0,0
263,2016-08-27 01:52:23.000 MDT,0,1,0,0,0,0,0,0,0,0,0,0,0,0,0,0
264,2016-08-27 02:15:06.000 MDT,0,0,1,0,0,0,0,0,0,0,0,0,0,0,0,0
265,2016-08-27 02:38:44.000 MDT,0,0,0,0,0,0,0,0,0,0,1,0,0,0,0,0
266,2016-08-27 02:56:06.000 MDT,0,1,0,0,0,0,0,0,0,0,0,0,0,0,0,0
267,2016-08-27 02:57:38.000 MDT,1,0,0,0,0,0,0,0,0,0,0,0,0,0,0,0
268,2016-08-27 03:00:54.000 MDT,0,1,0,0,0,0,0,0,0,0,0,0,0,0,0,0
269,2016-08-27 03:26:05.000 MDT,1,0,0,0,0,0,0,0,0,0,0,0,0,0,0,0
270,2016-08-27 03:34:41.000 MDT,0,0,0,0,1,0,0,0,0,0,0,0,0,0,0,0
271,2016-08-27 03:47:03.000 MDT,1,0,0,0,0,0,0,0,0,0,0,0,0,0,0,0
272,2016-08-27 03:58:53.000 MDT,0,0,0,0,0,0,0,0,0,0,1,0,0,0,0,0
273,2016-08-27 04:03:06.000 MDT,0,1,0,0,0,0,0,0,0,0,0,0,0,0,0,0
274,2016-08-27 04:04:25.000 MDT,0,1,0,0,0,0,0,0,0,0,0,0,0,0,0,0
275,2016-08-27 04:20:38.000 MDT,0,1,0,0,0,0,0,0,0,0,0,0,0,0,0,0
276,2016-08-27 04:20:41.000 MDT,0,1,0,0,0,0,0,0,0,0,0,0,0,0,0,0
277,2016-08-27 04:24:58.000 MDT,1,0,0,0,0,0,0,0,0,0,0,0,0,0,0,0
278,2016-08-27 04:39:51.000 MDT,1,0,0,0,0,0,0,0,0,0,0,0,0,0,0,0
279,2016-08-27 04:40:36.000 MDT,0,1,0,0,0,0,0,0,0,0,0,0,0,0,0,0
280,2016-08-27 04:44:31.000 MDT,0,0,1,0,0,0,0,0,0,0,0,0,0,0,0,0
281,2016-08-27 04:47:25.000 MDT,0,1,0,0,0,0,0,0,0,0,0,0,0,0,0,0
282,2016-08-27 04:47:38.000 MDT,0,1,0,0,0,0,0,0,0,0,0,0,0,0,0,0
283,2016-08-27 04:50:50.000 MDT,0,1,0,0,0,0,0,0,0,0,0,0,0,0,0,0
284,2016-08-27 04:52:38.000 MDT,0,1,0,0,0,0,0,0,0,0,0,0,0,0,0,0
285,2016-08-27 05:11:46.000 MDT,1,0,0,0,0,0,0,0,0,0,0,0,0,0,0,0
286,2016-08-27 05:26:19.000 MDT,1,0,0,0,0,0,0,0,0,0,0,0,0,0,0,0
287,2016-08-27 05:32:11.000 MDT,0,0,1,0,0,0,0,0,0,0,0,0,0,0,0,0
288,2016-08-27 05:32:36.000 MDT,0,1,0,0,0,0,0,0,0,0,0,0,0,0,0,0
289,2016-08-27 05:36:34.000 MDT,0,0,1,0,0,0,0,0,0,0,0,0,0,0,0,0
290,2016-08-27 05:38:41.000 MDT,1,0,0,0,0,0,0,0,0,0,0,0,0,0,0,0
291,2016-08-27 05:40:15.000 MDT,0,0,1,0,0,0,0,0,0,0,0,0,0,0,0,0
292,2016-08-27 05:45:11.000 MDT,0,1,0,0,0,0,0,0,0,0,0,0,0,0,0,0
293,2016-08-27 05:46:20.000 MDT,1,0,0,0,0,0,0,0,0,0,0,0,0,0,0,0
294,2016-08-27 05:53:23.000 MDT,0,0,0,0,1,0,0,0,0,0,0,0,0,0,0,0
295,2016-08-27 05:58:25.000 MDT,0,1,0,0,0,0,0,0,0,0,0,0,0,0,0,0
296,2016-08-27 06:02:58.000 MDT,1,0,0,0,0,0,0,0,0,0,0,0,0,0,0,0
297,2016-08-27 06:18:38.000 MDT,0,1,0,0,0,0,0,0,0,0,0,0,0,0,0,0
298,2016-08-27 06:19:19.000 MDT,0,1,0,0,0,0,0,0,0,0,0,0,0,0,0,0
299,2016-08-27 06:25:26.000 MDT,0,1,0,0,0,0,0,0,0,0,0,0,0,0,0,0
300,2016-08-27 06:29:36.000 MDT,1,0,0,0,0,0,0,0,0,0,0,0,0,0,0,0
301,2016-08-27 06:30:43.000 MDT,0,0,0,0,1,0,0,0,0,0,0,0,0,0,0,0
302,2016-08-27 06:47:18.000 MDT,0,0,1,0,0,0,0,0,0,0,0,0,0,0,0,0
303,2016-08-27 06:57:36.000 MDT,0,1,0,0,0,0,0,0,0,0,0,0,0,0,0,0
304,2016-08-27 06:57:51.000 MDT,0,0,0,0,0,1,0,0,0,0,0,0,0,0,0,0
305,2016-08-27 07:02:25.000 MDT,0,1,0,0,0,0,0,0,0,0,0,0,0,0,0,0
306,2016-08-27 07:04:58.000 MDT,0,0,0,1,0,0,0,0,0,0,0,0,0,0,0,0
307,2016-08-27 07:06:46.000 MDT,0,1,0,0,0,0,0,0,0,0,0,0,0,0,0,0
308,2016-08-27 07:09:01.000 MDT,0,0,0,0,0,0,1,0,0,0,0,0,0,0,0,0
309,2016-08-27 07:09:10.000 MDT,1,0,0,0,0,0,0,0,0,0,0,0,0,0,0,0
310,2016-08-27 07:12:43.000 MDT,0,0,1,0,0,0,0,0,0,0,0,0,0,0,0,0
311,2016-08-27 07:20:44.000 MDT,0,0,1,0,0,0,0,0,0,0,0,0,0,0,0,0
312,2016-08-27 07:28:27.000 MDT,0,0,1,0,0,0,0,0,0,0,0,0,0,0,0,0
313,2016-08-27 07:28:28.000 MDT,1,0,0,0,0,0,0,0,0,0,0,0,0,0,0,0
314,2016-08-27 07:37:15.000 MDT,0,1,0,0,0,0,0,0,0,0,0,0,0,0,0,0
315,2016-08-27 07:39:29.000 MDT,0,0,1,0,0,0,0,0,0,0,0,0,0,0,0,0
316,2016-08-27 07:46:10.000 MDT,0,0,1,0,0,0,0,0,0,0,0,0,0,0,0,0
317,2016-08-27 07:51:06.000 MDT,0,1,0,0,0,0,0,0,0,0,0,0,0,0,0,0
318,2016-08-27 07:52:15.000 MDT,0,0,1,0,0,0,0,0,0,0,0,0,0,0,0,0
319,2016-08-27 07:52:50.000 MDT,0,0,0,0,1,0,0,0,0,0,0,0,0,0,0,0
320,2016-08-27 07:52:57.000 MDT,1,0,0,0,0,0,0,0,0,0,0,0,0,0,0,0
321,2016-08-27 08:03:48.000 MDT,0,1,0,0,0,0,0,0,0,0,0,0,0,0,0,0
322,2016-08-27 08:07:27.000 MDT,0,0,0,0,0,1,0,0,0,0,0,0,0,0,0,0
323,2016-08-27 08:17:25.000 MDT,0,1,0,0,0,0,0,0,0,0,0,0,0,0,0,0
324,2016-08-27 08:20:06.000 MDT,0,1,0,0,0,0,0,0,0,0,0,0,0,0,0,0
325,2016-08-27 08:21:15.000 MDT,1,0,0,0,0,0,0,0,0,0,0,0,0,0,0,0
326,2016-08-27 08:23:15.000 MDT,0,0,1,0,0,0,0,0,0,0,0,0,0,0,0,0
327,2016-08-27 08:25:34.000 MDT,1,0,0,0,0,0,0,0,0,0,0,0,0,0,0,0
328,2016-08-27 08:26:30.000 MDT,1,0,0,0,0,0,0,0,0,0,0,0,0,0,0,0
329,2016-08-27 08:29:22.000 MDT,0,0,1,0,0,0,0,0,0,0,0,0,0,0,0,0
330,2016-08-27 08:46:27.000 MDT,0,0,0,0,0,1,0,0,0,0,0,0,0,0,0,0
331,2016-08-27 08:53:24.000 MDT,0,1,0,0,0,0,0,0,0,0,0,0,0,0,0,0
332,2016-08-27 08:58:49.000 MDT,1,0,0,0,0,0,0,0,0,0,0,0,0,0,0,0
333,2016-08-27 08:59:24.000 MDT,0,1,0,0,0,0,0,0,0,0,0,0,0,0,0,0
334,2016-08-27 09:06:57.000 MDT,0,1,0,0,0,0,0,0,0,0,0,0,0,0,0,0
335,2016-08-27 09:08:17.000 MDT,0,1,0,0,0,0,0,0,0,0,0,0,0,0,0,0
336,2016-08-27 09:09:04.000 MDT,0,0,1,0,0,0,0,0,0,0,0,0,0,0,0,0
337,2016-08-27 09:17:51.000 MDT,0,0,1,0,0,0,0,0,0,0,0,0,0,0,0,0
338,2016-08-27 09:38:51.000 MDT,0,1,0,0,0,0,0,0,0,0,0,0,0,0,0,0
339,2016-08-27 09:39:06.000 MDT,0,1,0,0,0,0,0,0,0,0,0,0,0,0,0,0
340,2016-08-27 09:46:36.000 MDT,0,0,1,0,0,0,0,0,0,0,0,0,0,0,0,0
341,2016-08-27 09:54:35.000 MDT,0,1,0,0,0,0,0,0,0,0,0,0,0,0,0,0
342,2016-08-27 09:55:22.000 MDT,0,0,0,0,0,0,0,0,0,1,0,0,0,0,0,0
343,2016-08-27 09:55:44.000 MDT,0,1,0,0,0,0,0,0,0,0,0,0,0,0,0,0
344,2016-08-27 09:56:52.000 MDT,1,0,0,0,0,0,0,0,0,0,0,0,0,0,0,0
345,2016-08-27 09:58:27.000 MDT,0,0,1,0,0,0,0,0,0,0,0,0,0,0,0,0
346,2016-08-27 10:26:43.000 MDT,0,0,1,0,0,0,0,0,0,0,0,0,0,0,0,0
347,2016-08-27 10:31:44.000 MDT,0,0,1,0,0,0,0,0,0,0,0,0,0,0,0,0
348,2016-08-27 10:32:08.000 MDT,0,1,0,0,0,0,0,0,0,0,0,0,0,0,0,0
349,2016-08-27 10:32:34.000 MDT,0,1,0,0,0,0,0,0,0,0,0,0,0,0,0,0
350,2016-08-27 10:38:41.000 MDT,0,0,1,0,0,0,0,0,0,0,0,0,0,0,0,0
351,2016-08-27 10:40:06.000 MDT,0,1,0,0,0,0,0,0,0,0,0,0,0,0,0,0
352,2016-08-27 10:44:13.000 MDT,1,0,0,0,0,0,0,0,0,0,0,0,0,0,0,0
353,2016-08-27 10:52:28.000 MDT,0,0,1,0,0,0,0,0,0,0,0,0,0,0,0,0
354,2016-08-27 10:54:17.000 MDT,0,0,1,0,0,0,0,0,0,0,0,0,0,0,0,0
355,2016-08-27 11:00:32.000 MDT,0,1,0,0,0,0,0,0,0,0,0,0,0,0,0,0
356,2016-08-27 11:03:04.000 MDT,0,1,0,0,0,0,0,0,0,0,0,0,0,0,0,0
357,2016-08-27 11:15:46.000 MDT,0,1,0,0,0,0,0,0,0,0,0,0,0,0,0,0
358,2016-08-27 11:23:09.000 MDT,0,1,0,0,0,0,0,0,0,0,0,0,0,0,0,0
359,2016-08-27 11:25:48.000 MDT,0,0,1,0,0,0,0,0,0,0,0,0,0,0,0,0
360,2016-08-27 11:27:00.000 MDT,0,0,1,0,0,0,0,0,0,0,0,0,0,0,0,0
361,2016-08-27 11:30:27.000 MDT,0,0,1,0,0,0,0,0,0,0,0,0,0,0,0,0
362,2016-08-27 11:30:53.000 MDT,0,0,1,0,0,0,0,0,0,0,0,0,0,0,0,0
363,2016-08-27 11:33:29.000 MDT,0,0,1,0,0,0,0,0,0,0,0,0,0,0,0,0
364,2016-08-27 11:43:30.000 MDT,1,0,0,0,0,0,0,0,0,0,0,0,0,0,0,0
365,2016-08-27 11:44:48.000 MDT,0,0,1,0,0,0,0,0,0,0,0,0,0,0,0,0
366,2016-08-27 12:04:20.000 MDT,0,0,1,0,0,0,0,0,0,0,0,0,0,0,0,0
367,2016-08-27 12:11:14.000 MDT,1,0,0,0,0,0,0,0,0,0,0,0,0,0,0,0
368,2016-08-27 12:29:31.000 MDT,0,0,1,0,0,0,0,0,0,0,0,0,0,0,0,0
369,2016-08-27 12:29:48.000 MDT,0,0,1,0,0,0,0,0,0,0,0,0,0,0,0,0
370,2016-08-27 12:36:06.000 MDT,0,0,0,1,0,0,0,0,0,0,0,0,0,0,0,0
371,2016-08-27 12:36:53.000 MDT,0,0,0,0,0,1,0,0,0,0,0,0,0,0,0,0
372,2016-08-27 12:48:55.000 MDT,0,1,0,0,0,0,0,0,0,0,0,0,0,0,0,0
373,2016-08-27 12:57:08.000 MDT,0,1,0,0,0,0,0,0,0,0,0,0,0,0,0,0
374,2016-08-27 12:59:28.000 MDT,1,0,0,0,0,0,0,0,0,0,0,0,0,0,0,0
375,2016-08-27 13:08:07.000 MDT,1,0,0,0,0,0,0,0,0,0,0,0,0,0,0,0
376,2016-08-27 13:12:39.000 MDT,0,0,1,0,0,0,0,0,0,0,0,0,0,0,0,0
377,2016-08-27 13:14:14.000 MDT,1,0,0,0,0,0,0,0,0,0,0,0,0,0,0,0
378,2016-08-27 13:15:57.000 MDT,1,0,0,0,0,0,0,0,0,0,0,0,0,0,0,0
379,2016-08-27 13:20:37.000 MDT,1,0,0,0,0,0,0,0,0,0,0,0,0,0,0,0
380,2016-08-27 13:21:40.000 MDT,1,0,0,0,0,0,0,0,0,0,0,0,0,0,0,0
381,2016-08-27 13:25:08.000 MDT,0,0,1,0,0,0,0,0,0,0,0,0,0,0,0,0
382,2016-08-27 13:34:06.000 MDT,0,0,1,0,0,0,0,0,0,0,0,0,0,0,0,0
383,2016-08-27 13:42:16.000 MDT,1,0,0,0,0,0,0,0,0,0,0,0,0,0,0,0
384,2016-08-27 13:47:34.000 MDT,0,0,1,0,0,0,0,0,0,0,0,0,0,0,0,0
385,2016-08-27 13:52:55.000 MDT,0,1,0,0,0,0,0,0,0,0,0,0,0,0,0,0
386,2016-08-27 13:56:51.000 MDT,0,0,0,0,0,0,1,0,0,0,0,0,0,0,0,0
387,2016-08-27 14:02:09.000 MDT,0,0,0,1,0,0,0,0,0,0,0,0,0,0,0,0
388,2016-08-27 14:04:00.000 MDT,0,0,1,0,0,0,0,0,0,0,0,0,0,0,0,0
389,2016-08-27 14:04:37.000 MDT,0,1,0,0,0,0,0,0,0,0,0,0,0,0,0,0
390,2016-08-27 14:05:07.000 MDT,0,0,0,0,1,0,0,0,0,0,0,0,0,0,0,0
391,2016-08-27 14:09:22.000 MDT,0,1,0,0,0,0,0,0,0,0,0,0,0,0,0,0
392,2016-08-27 14:42:10.000 MDT,1,0,0,0,0,0,0,0,0,0,0,0,0,0,0,0
393,2016-08-27 14:49:06.000 MDT,1,0,0,0,0,0,0,0,0,0,0,0,0,0,0,0
394,2016-08-27 14:56:29.000 MDT,0,0,1,0,0,0,0,0,0,0,0,0,0,0,0,0
395,2016-08-27 14:59:46.000 MDT,1,0,0,0,0,0,0,0,0,0,0,0,0,0,0,0
396,2016-08-27 15:08:40.000 MDT,0,0,1,0,0,0,0,0,0,0,0,0,0,0,0,0
397,2016-08-27 15:13:01.000 MDT,0,0,1,0,0,0,0,0,0,0,0,0,0,0,0,0
398,2016-08-27 15:14:58.000 MDT,0,1,0,0,0,0,0,0,0,0,0,0,0,0,0,0
399,2016-08-27 15:39:01.000 MDT,1,0,0,0,0,0,0,0,0,0,0,0,0,0,0,0
400,2016-08-27 15:43:48.000 MDT,1,0,0,0,0,0,0,0,0,0,0,0,0,0,0,0
401,2016-08-27 15:44:44.000 MDT,0,0,1,0,0,0,0,0,0,0,0,0,0,0,0,0
402,2016-08-27 15:48:22.000 MDT,1,0,0,0,0,0,0,0,0,0,0,0,0,0,0,0
403,2016-08-27 16:00:08.000 MDT,0,0,1,0,0,0,0,0,0,0,0,0,0,0,0,0
404,2016-08-27 16:11:33.000 MDT,0,0,0,0,0,0,0,0,0,1,0,0,0,0,0,0
405,2016-08-27 16:25:10.000 MDT,0,0,1,0,0,0,0,0,0,0,0,0,0,0,0,0
406,2016-08-27 16:26:04.000 MDT,0,0,1,0,0,0,0,0,0,0,0,0,0,0,0,0
407,2016-08-27 16:52:55.000 MDT,0,1,0,0,0,0,0,0,0,0,0,0,0,0,0,0
408,2016-08-27 17:15:26.000 MDT,1,0,0,0,0,0,0,0,0,0,0,0,0,0,0,0
409,2016-08-27 17:21:33.000 MDT,0,0,1,0,0,0,0,0,0,0,0,0,0,0,0,0
410,2016-08-27 17:38:30.000 MDT,1,0,0,0,0,0,0,0,0,0,0,0,0,0,0,0
411,2016-08-27 17:41:07.000 MDT,0,0,1,0,0,0,0,0,0,0,0,0,0,0,0,0
412,2016-08-27 17:45:47.000 MDT,0,1,0,0,0,0,0,0,0,0,0,0,0,0,0,0
413,2016-08-27 17:50:52.000 MDT,0,0,0,0,1,0,0,0,0,0,0,0,0,0,0,0
414,2016-08-27 17:58:02.000 MDT,1,0,0,0,0,0,0,0,0,0,0,0,0,0,0,0
415,2016-08-27 18:02:48.000 MDT,1,0,0,0,0,0,0,0,0,0,0,0,0,0,0,0
416,2016-08-27 18:08:12.000 MDT,1,0,0,0,0,0,0,0,0,0,0,0,0,0,0,0
417,2016-08-27 18:28:25.000 MDT,1,0,0,0,0,0,0,0,0,0,0,0,0,0,0,0
418,2016-08-27 18:31:42.000 MDT,0,1,0,0,0,0,0,0,0,0,0,0,0,0,0,0
419,2016-08-27 18:35:14.000 MDT,0,0,1,0,0,0,0,0,0,0,0,0,0,0,0,0
420,2016-08-27 18:48:33.000 MDT,0,0,0,0,1,0,0,0,0,0,0,0,0,0,0,0
421,2016-08-27 18:53:43.000 MDT,0,0,0,0,0,0,1,0,0,0,0,0,0,0,0,0
422,2016-08-27 18:55:24.000 MDT,0,0,1,0,0,0,0,0,0,0,0,0,0,0,0,0
423,2016-08-27 18:59:01.000 MDT,0,1,0,0,0,0,0,0,0,0,0,0,0,0,0,0
424,2016-08-27 19:03:11.000 MDT,1,0,0,0,0,0,0,0,0,0,0,0,0,0,0,0
425,2016-08-27 19:21:02.000 MDT,0,0,0,0,1,0,0,0,0,0,0,0,0,0,0,0
426,2016-08-27 19:25:25.000 MDT,1,0,0,0,0,0,0,0,0,0,0,0,0,0,0,0
427,2016-08-27 19:27:45.000 MDT,1,0,0,0,0,0,0,0,0,0,0,0,0,0,0,0
428,2016-08-27 19:40:13.000 MDT,0,0,1,0,0,0,0,0,0,0,0,0,0,0,0,0
429,2016-08-27 19:40:19.000 MDT,0,0,1,0,0,0,0,0,0,0,0,0,0,0,0,0
430,2016-08-27 19:44:45.000 MDT,0,0,1,0,0,0,0,0,0,0,0,0,0,0,0,0
431,2016-08-27 19:53:52.000 MDT,0,0,1,0,0,0,0,0,0,0,0,0,0,0,0,0
432,2016-08-27 20:40:07.000 MDT,0,0,0,0,0,1,0,0,0,0,0,0,0,0,0,0
433,2016-08-27 20:41:23.000 MDT,0,0,1,0,0,0,0,0,0,0,0,0,0,0,0,0
434,2016-08-27 20:51:50.000 MDT,0,1,0,0,0,0,0,0,0,0,0,0,0,0,0,0
435,2016-08-27 20:53:10.000 MDT,1,0,0,0,0,0,0,0,0,0,0,0,0,0,0,0
436,2016-08-27 21:00:07.000 MDT,0,0,0,0,1,0,0,0,0,0,0,0,0,0,0,0
437,2016-08-27 21:03:41.000 MDT,0,0,1,0,0,0,0,0,0,0,0,0,0,0,0,0
438,2016-08-27 21:07:13.000 MDT,0,0,1,0,0,0,0,0,0,0,0,0,0,0,0,0
439,2016-08-27 21:27:48.000 MDT,0,0,0,0,0,1,0,0,0,0,0,0,0,0,0,0
440,2016-08-27 21:28:11.000 MDT,1,0,0,0,0,0,0,0,0,0,0,0,0,0,0,0
441,2016-08-27 21:37:13.000 MDT,1,0,0,0,0,0,0,0,0,0,0,0,0,0,0,0
442,2016-08-27 21:47:03.000 MDT,0,0,0,0,0,1,0,0,0,0,0,0,0,0,0,0
443,2016-08-27 21:50:35.000 MDT,0,1,0,0,0,0,0,0,0,0,0,0,0,0,0,0
444,2016-08-27 21:51:32.000 MDT,0,0,0,1,0,0,0,0,0,0,0,0,0,0,0,0
445,2016-08-27 22:04:28.000 MDT,1,0,0,0,0,0,0,0,0,0,0,0,0,0,0,0
446,2016-08-27 22:13:34.000 MDT,0,0,1,0,0,0,0,0,0,0,0,0,0,0,0,0
447,2016-08-27 22:13:48.000 MDT,0,0,0,0,0,1,0,0,0,0,0,0,0,0,0,0
448,2016-08-27 22:18:58.000 MDT,0,0,1,0,0,0,0,0,0,0,0,0,0,0,0,0
449,2016-08-27 22:19:55.000 MDT,1,0,0,0,0,0,0,0,0,0,0,0,0,0,0,0
450,2016-08-27 22:42:08.000 MDT,0,1,0,0,0,0,0,0,0,0,0,0,0,0,0,0
451,2016-08-27 22:44:13.000 MDT,0,1,0,0,0,0,0,0,0,0,0,0,0,0,0,0
452,2016-08-27 22:44:24.000 MDT,0,0,1,0,0,0,0,0,0,0,0,0,0,0,0,0
453,2016-08-27 22:47:43.000 MDT,0,1,0,0,0,0,0,0,0,0,0,0,0,0,0,0
454,2016-08-27 23:30:21.000 MDT,0,1,0,0,0,0,0,0,0,0,0,0,0,0,0,0
455,2016-08-27 23:35:36.000 MDT,1,0,0,0,0,0,0,0,0,0,0,0,0,0,0,0
456,2016-08-27 23:46:19.000 MDT,0,1,0,0,0,0,0,0,0,0,0,0,0,0,0,0
457,2016-08-27 23:52:19.000 MDT,0,0,0,0,1,0,0,0,0,0,0,0,0,0,0,0
458,2016-08-27 23:55:17.000 MDT,0,1,0,0,0,0,0,0,0,0,0,0,0,0,0,0
459,2016-08-28 00:03:19.000 MDT,0,0,1,0,0,0,0,0,0,0,0,0,0,0,0,0
460,2016-08-28 00:08:13.000 MDT,0,0,0,0,1,0,0,0,0,0,0,0,0,0,0,0
461,2016-08-28 00:11:16.000 MDT,1,0,0,0,0,0,0,0,0,0,0,0,0,0,0,0
462,2016-08-28 00:14:04.000 MDT,1,0,0,0,0,0,0,0,0,0,0,0,0,0,0,0
463,2016-08-28 00:18:02.000 MDT,0,1,0,0,0,0,0,0,0,0,0,0,0,0,0,0
464,2016-08-28 00:23:03.000 MDT,0,0,0,0,0,1,0,0,0,0,0,0,0,0,0,0
465,2016-08-28 00:27:15.000 MDT,0,0,1,0,0,0,0,0,0,0,0,0,0,0,0,0
466,2016-08-28 00:39:10.000 MDT,0,1,0,0,0,0,0,0,0,0,0,0,0,0,0,0
467,2016-08-28 00:45:31.000 MDT,0,1,0,0,0,0,0,0,0,0,0,0,0,0,0,0
468,2016-08-28 00:49:20.000 MDT,0,0,0,0,1,0,0,0,0,0,0,0,0,0,0,0
469,2016-08-28 00:58:47.000 MDT,0,1,0,0,0,0,0,0,0,0,0,0,0,0,0,0
470,2016-08-28 01:02:31.000 MDT,0,0,1,0,0,0,0,0,0,0,0,0,0,0,0,0
471,2016-08-28 01:16:36.000 MDT,1,0,0,0,0,0,0,0,0,0,0,0,0,0,0,0
472,2016-08-28 01:26:52.000 MDT,0,1,0,0,0,0,0,0,0,0,0,0,0,0,0,0
473,2016-08-28 01:33:49.000 MDT,0,1,0,0,0,0,0,0,0,0,0,0,0,0,0,0
474,2016-08-28 01:46:29.000 MDT,0,0,1,0,0,0,0,0,0,0,0,0,0,0,0,0
475,2016-08-28 01:52:09.000 MDT,0,1,0,0,0,0,0,0,0,0,0,0,0,0,0,0
476,2016-08-28 01:52:36.000 MDT,0,1,0,0,0,0,0,0,0,0,0,0,0,0,0,0
477,2016-08-28 01:54:23.000 MDT,0,0,0,0,0,0,1,0,0,0,0,0,0,0,0,0
478,2016-08-28 02:00:51.000 MDT,0,1,0,0,0,0,0,0,0,0,0,0,0,0,0,0
479,2016-08-28 02:07:40.000 MDT,1,0,0,0,0,0,0,0,0,0,0,0,0,0,0,0
480,2016-08-28 02:13:16.000 MDT,0,0,0,0,0,1,0,0,0,0,0,0,0,0,0,0
481,2016-08-28 02:15:03.000 MDT,0,1,0,0,0,0,0,0,0,0,0,0,0,0,0,0
482,2016-08-28 02:23:53.000 MDT,0,0,0,0,0,1,0,0,0,0,0,0,0,0,0,0
483,2016-08-28 02:27:43.000 MDT,1,0,0,0,0,0,0,0,0,0,0,0,0,0,0,0
484,2016-08-28 02:27:56.000 MDT,0,0,1,0,0,0,0,0,0,0,0,0,0,0,0,0
485,2016-08-28 02:33:48.000 MDT,1,0,0,0,0,0,0,0,0,0,0,0,0,0,0,0
486,2016-08-28 02:42:09.000 MDT,0,1,0,0,0,0,0,0,0,0,0,0,0,0,0,0
487,2016-08-28 02:44:25.000 MDT,0,1,0,0,0,0,0,0,0,0,0,0,0,0,0,0
488,2016-08-28 02:52:51.000 MDT,0,1,0,0,0,0,0,0,0,0,0,0,0,0,0,0
489,2016-08-28 02:58:23.000 MDT,0,0,1,0,0,0,0,0,0,0,0,0,0,0,0,0
490,2016-08-28 03:10:17.000 MDT,0,0,1,0,0,0,0,0,0,0,0,0,0,0,0,0
491,2016-08-28 03:32:11.000 MDT,0,0,0,1,0,0,0,0,0,0,0,0,0,0,0,0
492,2016-08-28 03:40:50.000 MDT,0,0,0,0,0,0,1,0,0,0,0,0,0,0,0,0
493,2016-08-28 03:42:00.000 MDT,0,0,0,0,0,0,1,0,0,0,0,0,0,0,0,0
494,2016-08-28 03:44:26.000 MDT,0,0,1,0,0,0,0,0,0,0,0,0,0,0,0,0
495,2016-08-28 03:44:35.000 MDT,0,0,0,0,0,0,1,0,0,0,0,0,0,0,0,0
496,2016-08-28 03:57:46.000 MDT,0,1,0,0,0,0,0,0,0,0,0,0,0,0,0,0
497,2016-08-28 03:58:39.000 MDT,0,0,1,0,0,0,0,0,0,0,0,0,0,0,0,0
498,2016-08-28 04:06:22.000 MDT,0,1,0,0,0,0,0,0,0,0,0,0,0,0,0,0
499,2016-08-28 04:07:52.000 MDT,1,0,0,0,0,0,0,0,0,0,0,0,0,0,0,0
500,2016-08-28 04:08:59.000 MDT,0,1,0,0,0,0,0,0,0,0,0,0,0,0,0,0
501,2016-08-28 04:10:27.000 MDT,0,0,1,0,0,0,0,0,0,0,0,0,0,0,0,0
502,2016-08-28 04:10:49.000 MDT,1,0,0,0,0,0,0,0,0,0,0,0,0,0,0,0
503,2016-08-28 04:16:33.000 MDT,0,0,1,0,0,0,0,0,0,0,0,0,0,0,0,0
504,2016-08-28 04:22:59.000 MDT,0,0,1,0,0,0,0,0,0,0,0,0,0,0,0,0
505,2016-08-28 04:26:52.000 MDT,0,0,1,0,0,0,0,0,0,0,0,0,0,0,0,0
506,2016-08-28 04:27:01.000 MDT,0,1,0,0,0,0,0,0,0,0,0,0,0,0,0,0
507,2016-08-28 04:30:30.000 MDT,0,1,0,0,0,0,0,0,0,0,0,0,0,0,0,0
508,2016-08-28 04:36:51.000 MDT,0,1,0,0,0,0,0,0,0,0,0,0,0,0,0,0
509,2016-08-28 04:39:21.000 MDT,0,1,0,0,0,0,0,0,0,0,0,0,0,0,0,0
510,2016-08-28 04:46:37.000 MDT,0,1,0,0,0,0,0,0,0,0,0,0,0,0,0,0
511,2016-08-28 04:48:25.000 MDT,0,1,0,0,0,0,0,0,0,0,0,0,0,0,0,0
512,2016-08-28 04:52:06.000 MDT,0,1,0,0,0,0,0,0,0,0,0,0,0,0,0,0
513,2016-08-28 04:57:14.000 MDT,1,0,0,0,0,0,0,0,0,0,0,0,0,0,0,0
514,2016-08-28 05:15:39.000 MDT,0,1,0,0,0,0,0,0,0,0,0,0,0,0,0,0
515,2016-08-28 05:17:26.000 MDT,0,1,0,0,0,0,0,0,0,0,0,0,0,0,0,0
516,2016-08-28 05:19:30.000 MDT,0,1,0,0,0,0,0,0,0,0,0,0,0,0,0,0
517,2016-08-28 05:20:29.000 MDT,0,0,1,0,0,0,0,0,0,0,0,0,0,0,0,0
518,2016-08-28 05:24:17.000 MDT,0,1,0,0,0,0,0,0,0,0,0,0,0,0,0,0
519,2016-08-28 05:27:19.000 MDT,0,1,0,0,0,0,0,0,0,0,0,0,0,0,0,0
520,2016-08-28 05:31:36.000 MDT,0,0,0,1,0,0,0,0,0,0,0,0,0,0,0,0
521,2016-08-28 05:47:13.000 MDT,1,0,0,0,0,0,0,0,0,0,0,0,0,0,0,0
522,2016-08-28 05:56:46.000 MDT,1,0,0,0,0,0,0,0,0,0,0,0,0,0,0,0
523,2016-08-28 06:21:19.000 MDT,1,0,0,0,0,0,0,0,0,0,0,0,0,0,0,0
524,2016-08-28 06:31:33.000 MDT,1,0,0,0,0,0,0,0,0,0,0,0,0,0,0,0
525,2016-08-28 06:36:15.000 MDT,0,0,0,0,0,0,1,0,0,0,0,0,0,0,0,0
526,2016-08-28 06:40:19.000 MDT,0,0,0,0,0,1,0,0,0,0,0,0,0,0,0,0
527,2016-08-28 06:42:43.000 MDT,0,0,0,0,0,1,0,0,0,0,0,0,0,0,0,0
528,2016-08-28 06:45:57.000 MDT,0,0,1,0,0,0,0,0,0,0,0,0,0,0,0,0
529,2016-08-28 06:55:04.000 MDT,1,0,0,0,0,0,0,0,0,0,0,0,0,0,0,0
530,2016-08-28 06:57:44.000 MDT,0,0,1,0,0,0,0,0,0,0,0,0,0,0,0,0
531,2016-08-28 06:58:51.000 MDT,0,1,0,0,0,0,0,0,0,0,0,0,0,0,0,0
532,2016-08-28 07:04:40.000 MDT,0,1,0,0,0,0,0,0,0,0,0,0,0,0,0,0
533,2016-08-28 07:24:19.000 MDT,0,0,1,0,0,0,0,0,0,0,0,0,0,0,0,0
534,2016-08-28 07:27:11.000 MDT,0,0,1,0,0,0,0,0,0,0,0,0,0,0,0,0
535,2016-08-28 07:27:13.000 MDT,0,1,0,0,0,0,0,0,0,0,0,0,0,0,0,0
536,2016-08-28 07:40:47.000 MDT,1,0,0,0,0,0,0,0,0,0,0,0,0,0,0,0
537,2016-08-28 07:45:15.000 MDT,0,0,0,1,0,0,0,0,0,0,0,0,0,0,0,0
538,2016-08-28 07:47:29.000 MDT,0,0,1,0,0,0,0,0,0,0,0,0,0,0,0,0
539,2016-08-28 07:58:46.000 MDT,0,0,0,0,0,1,0,0,0,0,0,0,0,0,0,0
540,2016-08-28 07:58:56.000 MDT,0,0,1,0,0,0,0,0,0,0,0,0,0,0,0,0
541,2016-08-28 08:06:44.000 MDT,0,0,1,0,0,0,0,0,0,0,0,0,0,0,0,0
542,2016-08-28 08:13:03.000 MDT,1,0,0,0,0,0,0,0,0,0,0,0,0,0,0,0
543,2016-08-28 08:13:40.000 MDT,0,1,0,0,0,0,0,0,0,0,0,0,0,0,0,0
544,2016-08-28 08:27:56.000 MDT,0,1,0,0,0,0,0,0,0,0,0,0,0,0,0,0
545,2016-08-28 08:32:13.000 MDT,1,0,0,0,0,0,0,0,0,0,0,0,0,0,0,0
546,2016-08-28 08:34:24.000 MDT,0,1,0,0,0,0,0,0,0,0,0,0,0,0,0,0
547,2016-08-28 08:44:54.000 MDT,0,0,0,0,1,0,0,0,0,0,0,0,0,0,0,0
548,2016-08-28 08:47:19.000 MDT,0,0,0,0,1,0,0,0,0,0,0,0,0,0,0,0
549,2016-08-28 08:56:38.000 MDT,0,1,0,0,0,0,0,0,0,0,0,0,0,0,0,0
550,2016-08-28 09:04:11.000 MDT,1,0,0,0,0,0,0,0,0,0,0,0,0,0,0,0
551,2016-08-28 09:13:20.000 MDT,0,1,0,0,0,0,0,0,0,0,0,0,0,0,0,0
552,2016-08-28 09:27:29.000 MDT,0,0,1,0,0,0,0,0,0,0,0,0,0,0,0,0
553,2016-08-28 09:27:48.000 MDT,1,0,0,0,0,0,0,0,0,0,0,0,0,0,0,0
554,2016-08-28 09:32:36.000 MDT,0,1,0,0,0,0,0,0,0,0,0,0,0,0,0,0
555,2016-08-28 09:34:07.000 MDT,0,1,0,0,0,0,0,0,0,0,0,0,0,0,0,0
556,2016-08-28 09:34:45.000 MDT,0,1,0,0,0,0,0,0,0,0,0,0,0,0,0,0
557,2016-08-28 09:38:33.000 MDT,0,0,1,0,0,0,0,0,0,0,0,0,0,0,0,0
558,2016-08-28 09:39:20.000 MDT,0,0,0,0,0,0,1,0,0,0,0,0,0,0,0,0
559,2016-08-28 09:40:32.000 MDT,1,0,0,0,0,0,0,0,0,0,0,0,0,0,0,0
560,2016-08-28 09:42:51.000 MDT,0,0,1,0,0,0,0,0,0,0,0,0,0,0,0,0
561,2016-08-28 09:43:13.000 MDT,0,0,1,0,0,0,0,0,0,0,0,0,0,0,0,0
562,2016-08-28 10:00:28.000 MDT,0,1,0,0,0,0,0,0,0,0,0,0,0,0,0,0
563,2016-08-28 10:08:47.000 MDT,0,1,0,0,0,0,0,0,0,0,0,0,0,0,0,0
564,2016-08-28 10:38:43.000 MDT,0,1,0,0,0,0,0,0,0,0,0,0,0,0,0,0
565,2016-08-28 10:41:34.000 MDT,0,0,1,0,0,0,0,0,0,0,0,0,0,0,0,0
566,2016-08-28 10:45:25.000 MDT,0,1,0,0,0,0,0,0,0,0,0,0,0,0,0,0
567,2016-08-28 10:51:03.000 MDT,0,0,1,0,0,0,0,0,0,0,0,0,0,0,0,0
568,2016-08-28 10:53:56.000 MDT,0,0,1,0,0,0,0,0,0,0,0,0,0,0,0,0
569,2016-08-28 10:55:34.000 MDT,0,1,0,0,0,0,0,0,0,0,0,0,0,0,0,0
570,2016-08-28 10:58:49.000 MDT,1,0,0,0,0,0,0,0,0,0,0,0,0,0,0,0
571,2016-08-28 11:00:33.000 MDT,0,0,0,0,1,0,0,0,0,0,0,0,0,0,0,0
572,2016-08-28 11:08:45.000 MDT,1,0,0,0,0,0,0,0,0,0,0,0,0,0,0,0
573,2016-08-28 11:14:42.000 MDT,0,1,0,0,0,0,0,0,0,0,0,0,0,0,0,0
574,2016-08-28 11:17:34.000 MDT,0,0,1,0,0,0,0,0,0,0,0,0,0,0,0,0
575,2016-08-28 11:17:47.000 MDT,0,1,0,0,0,0,0,0,0,0,0,0,0,0,0,0
576,2016-08-28 11:24:48.000 MDT,0,0,0,0,0,1,0,0,0,0,0,0,0,0,0,0
577,2016-08-28 11:26:29.000 MDT,0,1,0,0,0,0,0,0,0,0,0,0,0,0,0,0
578,2016-08-28 11:33:16.000 MDT,0,1,0,0,0,0,0,0,0,0,0,0,0,0,0,0
579,2016-08-28 11:50:16.000 MDT,0,0,0,0,0,0,0,1,0,0,0,0,0,0,0,0
580,2016-08-28 11:50:49.000 MDT,0,0,1,0,0,0,0,0,0,0,0,0,0,0,0,0
581,2016-08-28 11:54:57.000 MDT,1,0,0,0,0,0,0,0,0,0,0,0,0,0,0,0
582,2016-08-28 12:06:11.000 MDT,1,0,0,0,0,0,0,0,0,0,0,0,0,0,0,0
583,2016-08-28 12:24:05.000 MDT,0,0,0,0,0,0,1,0,0,0,0,0,0,0,0,0
584,2016-08-28 12:24:13.000 MDT,0,1,0,0,0,0,0,0,0,0,0,0,0,0,0,0
585,2016-08-28 12:37:37.000 MDT,0,0,1,0,0,0,0,0,0,0,0,0,0,0,0,0
586,2016-08-28 12:41:24.000 MDT,0,0,0,0,0,1,0,0,0,0,0,0,0,0,0,0
587,2016-08-28 12:54:42.000 MDT,0,1,0,0,0,0,0,0,0,0,0,0,0,0,0,0
588,2016-08-28 12:57:42.000 MDT,0,0,1,0,0,0,0,0,0,0,0,0,0,0,0,0
589,2016-08-28 13:15:03.000 MDT,0,0,1,0,0,0,0,0,0,0,0,0,0,0,0,0
590,2016-08-28 13:24:19.000 MDT,0,0,1,0,0,0,0,0,0,0,0,0,0,0,0,0
591,2016-08-28 13:58:18.000 MDT,1,0,0,0,0,0,0,0,0,0,0,0,0,0,0,0
592,2016-08-28 13:59:32.000 MDT,1,0,0,0,0,0,0,0,0,0,0,0,0,0,0,0
593,2016-08-28 14:01:57.000 MDT,0,1,0,0,0,0,0,0,0,0,0,0,0,0,0,0
594,2016-08-28 14:02:39.000 MDT,0,0,0,0,0,1,0,0,0,0,0,0,0,0,0,0
595,2016-08-28 14:12:42.000 MDT,0,0,1,0,0,0,0,0,0,0,0,0,0,0,0,0
596,2016-08-28 14:14:09.000 MDT,0,1,0,0,0,0,0,0,0,0,0,0,0,0,0,0
597,2016-08-28 14:20:50.000 MDT,0,0,1,0,0,0,0,0,0,0,0,0,0,0,0,0
598,2016-08-28 14:22:00.000 MDT,1,0,0,0,0,0,0,0,0,0,0,0,0,0,0,0
599,2016-08-28 14:25:41.000 MDT,0,0,1,0,0,0,0,0,0,0,0,0,0,0,0,0
600,2016-08-28 14:26:05.000 MDT,0,0,1,0,0,0,0,0,0,0,0,0,0,0,0,0
601,2016-08-28 14:27:10.000 MDT,1,0,0,0,0,0,0,0,0,0,0,0,0,0,0,0
602,2016-08-28 14:33:14.000 MDT,1,0,0,0,0,0,0,0,0,0,0,0,0,0,0,0
603,2016-08-28 14:38:21.000 MDT,0,1,0,0,0,0,0,0,0,0,0,0,0,0,0,0
604,2016-08-28 14:44:37.000 MDT,1,0,0,0,0,0,0,0,0,0,0,0,0,0,0,0
605,2016-08-28 14:51:47.000 MDT,0,1,0,0,0,0,0,0,0,0,0,0,0,0,0,0
606,2016-08-28 14:52:14.000 MDT,1,0,0,0,0,0,0,0,0,0,0,0,0,0,0,0
607,2016-08-28 14:54:01.000 MDT,0,1,0,0,0,0,0,0,0,0,0,0,0,0,0,0
608,2016-08-28 15:29:29.000 MDT,0,0,1,0,0,0,0,0,0,0,0,0,0,0,0,0
609,2016-08-28 15:30:13.000 MDT,1,0,0,0,0,0,0,0,0,0,0,0,0,0,0,0
610,2016-08-28 15:51:03.000 MDT,0,0,1,0,0,0,0,0,0,0,0,0,0,0,0,0
611,2016-08-28 16:11:47.000 MDT,0,0,1,0,0,0,0,0,0,0,0,0,0,0,0,0
612,2016-08-28 16:13:21.000 MDT,0,0,0,0,0,1,0,0,0,0,0,0,0,0,0,0
613,2016-08-28 16:14:25.000 MDT,0,0,1,0,0,0,0,0,0,0,0,0,0,0,0,0
614,2016-08-28 16:24:26.000 MDT,1,0,0,0,0,0,0,0,0,0,0,0,0,0,0,0
615,2016-08-28 16:37:01.000 MDT,1,0,0,0,0,0,0,0,0,0,0,0,0,0,0,0
616,2016-08-28 16:40:23.000 MDT,0,1,0,0,0,0,0,0,0,0,0,0,0,0,0,0
617,2016-08-28 16:43:39.000 MDT,1,0,0,0,0,0,0,0,0,0,0,0,0,0,0,0
618,2016-08-28 16:46:03.000 MDT,0,0,1,0,0,0,0,0,0,0,0,0,0,0,0,0
619,2016-08-28 16:52:19.000 MDT,1,0,0,0,0,0,0,0,0,0,0,0,0,0,0,0
620,2016-08-28 16:55:39.000 MDT,0,0,0,0,0,1,0,0,0,0,0,0,0,0,0,0
621,2016-08-28 17:01:29.000 MDT,0,0,0,0,0,1,0,0,0,0,0,0,0,0,0,0
622,2016-08-28 17:08:16.000 MDT,0,0,1,0,0,0,0,0,0,0,0,0,0,0,0,0
623,2016-08-28 17:16:01.000 MDT,1,0,0,0,0,0,0,0,0,0,0,0,0,0,0,0
624,2016-08-28 17:19:49.000 MDT,0,0,1,0,0,0,0,0,0,0,0,0,0,0,0,0
625,2016-08-28 17:20:40.000 MDT,1,0,0,0,0,0,0,0,0,0,0,0,0,0,0,0
626,2016-08-28 17:40:01.000 MDT,1,0,0,0,0,0,0,0,0,0,0,0,0,0,0,0
627,2016-08-28 17:42:08.000 MDT,0,0,0,0,1,0,0,0,0,0,0,0,0,0,0,0
628,2016-08-28 17:42:18.000 MDT,0,0,1,0,0,0,0,0,0,0,0,0,0,0,0,0
